codigo,descricao,is_st,is_transferencia
1000,ENTRADAS OU AQUISICOES DE SERVICOS DO ESTADO,False,False
1100,"COMPRAS PARA INDUSTRIALIZACAO, COMERCIALIZACAO OU PRESTACAO",False,False
1101,COMPRA ESTADUAL P/INDUSTRIALIZACAO,False,False
1102,COMPRA ESTADUAL P/COMERCIALIZACAO,False,False
1111,COMPRA PARA INDUSTRIALIZACAO DE MERCADORIA RECEBIDA ANTERIOR,False,False
1113,COMPRA ESTADUAL CONSIGNADA,False,False
1116,COMPRA ESTADUAL P/INDUST.ORIG.DE ENCOMENDA,False,False
1117,COMPRA ESTADUAL P/COMERC.ORIG.DE ENCOMENDA,False,False
1118,COMPRA DE MERCADORIA PARA COMERCIALIZACAO PELO ADQUIRENTE OR,False,False
1120,"COMPRA PARA INDUSTRIALIZACAO, EM VENDA A ORDEM, JA RECEBIDA",False,False
1121,"COMPRA PARA COMERCIALIZACAO, EM VENDA A ORDEM, JA RECEBIDA D",False,False
1122,COMPRA PARA INDUSTRIALIZACAO EM QUE A MERCADORIA FOI REMETID,False,False
1124,INDUSTRIALIZACAO EFETUADA,False,False
1125,INDUSTRIALIZACAO EFETUADA POR OUTRA EMPRESA QUANDO A MERCADO,False,False
1126,COMPRA PARA UTILIZACAO NA PRESTACAO DE SERVICO,False,False
1150,"TRANSFERENCIAS PARA INDUSTRIALIZACAO, COMERCIALIZACAO OU PRE",False,True
1151,TRANSFERENCIA PARA INDUSTRIALIZACAO,False,True
1152,TRANSFERENCIA PARA COMERCIALIZACAO,False,True
1153,TRANSFERENCIA DE ENERGIA ELETRICA PARA DISTRIBUICAO,False,True
1154,TRANSFERENCIA PARA UTILIZACAO NA PRESTACAO DE SERVICO,False,True
1200,"DEVOLUCOES DE VENDAS DE PRODUCAO PROPRIA, DE TERCEIROS OU AN",False,False
1201,DEVOLUCAO DE VENDA DE PRODUCAO DO ESTABELECIMENTO,False,False
1202,DEVOLUCAO DE VENDA ESTADUAL REC.DE TERCEIRO,False,False
1203,"DEVOLUCAO DE VENDA DE PRODUCAO DO ESTABELECIMENTO, DESTINADA",False,False
1204,DEVOLUCAO DE VENDA DE MERCADORIA ADQUIRIDA OU RECEBIDA DE TE,False,False
1205,ANULACAO DE VALOR RELATIVO A PRESTACAO DE SERVICO DE COMUNIC,False,False
1206,ANULACAO DE VALOR RELATIVO A PRESTACAO DE SERVICO DE TRANSPO,False,False
1207,ANULACAO DE VALOR RELATIVO A VENDA DE ENERGIA ELETRICA,False,False
1208,DEVOL.ESTADUAL DE TRANSFERENCIA DE PRODUCAO,False,False
1209,DEVOL.ESTADUAL DE TRANSFERENCIA REC.DE TERCEIROS,False,False
1250,COMPRAS DE ENERGIA ELETRICA,False,False
1251,COMPRA DE ENERGIA ELETRICA PARA DISTRIBUICAO OU COMERCIALIZA,False,False
1252,COMPRA DE ENERGIA ELETRICA POR ESTABELECIMENTO INDUSTRIAL,False,False
1253,COMPRA DE ENERGIA ELETRICA POR ESTABELECIMENTO COMERCIAL,False,False
1254,COMPRA DE ENERGIA ELETRICA POR ESTAB.PRESTADOR TRANSPORTE,False,False
1255,COMPRA DE ENERGIA ELETRICA POR ESTAB.PRESTADOR COMUNICACAO,False,False
1256,COMPRA DE ENERGIA ELETRICA POR ESTABELECIMENTO DE PRODUTOR R,False,False
1257,COMPRA DE ENERGIA ELETRICA PARA CONSUMO POR DEMANDA CONTRATA,False,False
1300,AQUISICOES DE SERVICOS DE COMUNICACAO,False,False
1301,AQUISICAO DE SERVICO DE COMUNICACAO PARA EXECUCAO DE SERVICO,False,False
1302,AQUISICAO DE SERVICO DE COMUNICACAO POR ESTABELECIMENTO INDU,False,False
1303,AQUISICAO DE SERVICO DE COMUNICACAO POR ESTABELECIMENTO COME,False,False
1304,AQUISICAO DE SERVICO DE COMUNICACAO POR ESTABELECIMENTO DE P,False,False
1305,AQUISICAO DE SERVICO DE COMUNICACAO POR ESTABELECIMENTO DE G,False,False
1306,AQUISICAO DE SERVICO DE COMUNICACAO POR ESTABELECIMENTO DE P,False,False
1350,AQUISICOES DE SERVICOS DE TRANSPORTE,False,False
1351,AQUISICAO DE SERVICO DE TRANSPORTE PARA EXECUCAO DE SERVICO,False,False
1352,AQUISICAO DE SERVICO DE TRANSPORTE POR ESTABELECIMENTO INDUS,False,False
1353,AQUISICAO DE SERVICO DE TRANSP POR ESTABELECIMENTO COMERCIAL,False,False
1354,AQUISICAO DE SERVICO DE TRANSPORTE POR ESTABELECIMENTO DE PR,False,False
1355,AQUISICAO DE SERVICO DE TRANSPORTE POR ESTABELECIMENTO DE GE,False,False
1356,AQUISICAO DE SERVICO DE TRANSPORTE POR ESTABELECIMENTO DE PR,False,False
1400,ENTRADAS DE MERCADORIAS SUJEITAS AO REGIME DE SUBSTITUICAO T,False,False
1401,COMPRA PARA INDUSTRIALIZACAO EM OPERACAO COM MERCADORIA SUJ,False,False
1403,COMPRAS DE MERCADORIAS SUJEITAS AO REGIME DE S.T.,True,False
1406,COMPRA DE BEM PARA O ATIVO IMOBILIZADO CUJA MERCADORIA ESTA,False,False
1407,COMPRA DE MERCADORIA PARA USO OU CONSUMO CUJA MERCADORIA EST,False,False
1408,TRANSFERENCIA PARA INDUSTRIALIZACAO EM OPERACAO COM MERCADOR,False,True
1409,TRANSFERENCIA DE MERCADORIAS SUJEITAS AO REGIME DE S.T.,True,True
1410,DEVOLUCAO DE VENDA DE PRODUCAO DO ESTABELECIMENTO EM OPERACA,False,False
1411,DEV. DE MERCADORIA SUJEITAS AO REGIME DE S.T.,True,False
1414,"RETORNO DE PRODUCAO DO ESTABELECIMENTO, REMETIDA PARA VENDA",False,False
1415,"RETORNO DE MERCADORIA ADQUIRIDA OU RECEBIDA DE TERCEIROS, RE",False,False
1450,SISTEMAS DE INTEGRACAO,False,False
1451,RETORNO DE ANIMAL DO ESTABELECIMENTO PRODUTOR,False,False
1452,RETORNO DE INSUMO NAO UTILIZADO NA PRODUCAO,False,False
1500,ENTRADAS DE MERCADORIAS REMETIDAS COM FIM ESPECIFICO DE EXPO,False,False
1501,ENTRADA DE MERCADORIA RECEBIDA COM FIM ESPECIFICO DE EXPORTA,False,False
1503,ENTRADA DECORRENTE DE DEVOLUCAO DE PRODUTO REMETIDO COM FIM,False,False
1504,ENTRADA DECORRENTE DE DEVOLUCAO DE MERCADORIA REMETIDA COM F,False,False
1550,OPERACOES COM BENS DE ATIVO IMOBILIZADO E MATERIAIS PARA USO,False,False
1551,COMPRA DE BEM PARA O ATIVO IMOBILIZADO,False,False
1552,TRANSFERENCIA DE BEM DO ATIVO IMOBILIZADO,False,True
1553,DEVOLUCAO DE VENDA DE BEM DO ATIVO IMOBILIZADO,False,False
1554,RETORNO DE BEM DO ATIVO IMOBILIZADO REMETIDO PARA USO FORA D,False,False
1555,"ENTRADA DE BEM DO ATIVO IMOBILIZADO DE TERCEIRO, REMETIDO P",False,False
1556,COMPRA DE MATERIAL PARA USO OU CONSUMO,False,False
1557,TRANSFERENCIA DE MATERIAL PARA USO OU CONSUMO,False,True
1600,CREDITOS E RESSARCIMENTOS DE ICMS,False,False
1601,"RECEBIMENTO, POR TRANSFERENCIA, DE CREDITO DE ICMS",False,False
1602,"RECEBIMENTO, POR TRANSFERENCIA, DE SALDO CREDOR DE ICMS DE O",False,False
1603,RESSARCIMENTO DE ICMS RETIDO POR SUBSTITUICAO TRIBUTARIA,True,False
1604,LANCAMENTO CREDITO RELATIVO A COMPRA DE BEM PARA ATIVO IMOBI,False,False
1605,"RECEBIMENTO, POR TRANSFERENCIA, DE SALDO DEVEDOR DE ICMS DE",False,False
1650,"ENTRADAS DE COMBUSTIVEIS, DERIVADOS OU NAO DE PETROLEO E LUB",False,False
1651,COMPRA DE COMBUSTIVEL OU LUBRIFICANTE PARA INDUSTRIALIZACAO,False,False
1652,COMPRA DE COMBUSTIVEL OU LUBRIFICANTE PARA COMERCIALIZACAO,False,False
1653,COMPRA DE COMBUSTIVEL OU LUBRIFICANTE POR CONSUMIDOR OU USUA,False,False
1658,TRANSFERENCIA DE COMBUSTIVEL E LUBRIFICANTE PARA INDUSTRIALI,False,True
1659,TRANSFERENCIA DE COMBUSTIVEL E LUBRIFICANTE PARA COMERCIALIZ,False,True
1660,DEVOLUCAO DE VENDA DE COMBUSTIVEL OU LUBRIFICANTE DESTINADO,False,False
1661,DEVOLUCAO DE VENDA DE COMBUSTIVEL OU LUBRIFICANTE DESTINADO,False,False
1662,DEVOLUCAO DE VENDA DE COMBUSTIVEL OU LUBRIFICANTE DESTINADO,False,False
1663,ENTRADA DE COMBUSTIVEL OU LUBRIFICANTE PARA ARMAZENAGEM,False,False
1664,RETORNO DE COMBUSTIVEL OU LUBRIFICANTE REMETIDO PARA ARMAZEN,False,False
1900,OUTRAS ENTRADAS DE MERCADORIAS OU AQUISICOES DE SERVICOS,False,False
1901,ENTRADA PARA INDUSTRIALIZACAO POR ENCOMENDA,False,False
1902,RETORNO DE MERCADORIA REMETIDA PARA INDUSTRIALIZACAO POR ENC,False,False
1903,ENTRADA DE MERCADORIA REMETIDA PARA INDUSTRIALIZACAO E NAO A,False,False
1904,RETORNO DE REMESSA PARA VENDA FORA DO ESTABELECIMENTO,False,False
1905,ENTRADA DE MERCADORIA RECEBIDA PARA DEPOSITO EM DEPOSITO FEC,False,False
1906,RETORNO DE MERC. REMETIDA PARA DEPOSITO FECHADO OU ARM.GERAL,False,False
1907,RETORNO SIMBOLICO DE MERCADORIA REMETIDA PARA DEPOSITO FECH,False,False
1908,ENTRADA DE BEM POR CONTA DE CONTRATO DE COMODATO,False,False
1909,RETORNO DE BEM REMETIDO POR CONTA DE CONTRATO COMODATO,False,False
1910,ENTRADA ESTADUAL MERC.BONIFICADA,False,False
1911,ENTRADA ESTADUAL MERC.AMOSTRA GRATIS,False,False
1912,ENTRADA ESTADUAL MERC.REC.DEMONSTRACAO,False,False
1913,RETORNO ESTADUAL MERC.REC.DEMONSTRACAO,False,False
1914,RETORNO ESTADUAL MERC.REMETIDA EXPOSICAO,False,False
1915,ENTRADA DE MERCADORIA OU BEM RECEBIDO PARA CONSERTO OU REPAR,False,False
1916,RETORNO DE MERCADORIA OU BEM REMETIDO PARA CONSERTO OU REPAR,False,False
1917,ENTRADA DE MERCADORIA RECEBIDA EM CONSIGNACAO MERCANTIL OU I,False,False
1918,DEVOLUCAO DE MERCADORIA REMETIDA EM CONSIGNACAO MERCANTIL OU,False,False
1919,DEVOLUCAO SIMBOLICA DE MERCADORIA VENDIDA OU UTILIZADA EM PR,False,False
1920,ENTRADA DE VASILHAME OU SACARIA,False,False
1921,RETORNO DE VASILHAME OU SACARIA,False,False
1922,LANC. EFETUADO A TIT. FATUR. DECOR. DE COMPRA P/ RECEB. FUT,False,False
1923,"ENTR.DE MERC. RECEBIDA DO VENDEDOR REMET., EM VENDA A ORDEM",False,False
1924,ENTRADA PARA INDUSTRIALIZACAO POR CONTA E ORDEM DO ADQUIRENT,False,False
1925,RETORNO DE MERCADORIA REMETIDA PARA INDUSTRIALIZACAO POR CON,False,False
1926,LANCAMENTO EFETUADO A TITULO DE RECLASSIFICACAO DE MERCADORI,False,False
1929,LANÇAMENTO EFETUADO EM DECORRÊNCIA DE EMISSÃO DE DOCUMENTO F,False,False
1932,AQUISICAO DE SERVICO DE TRANSPORTE INICIADO EM UNIDADE DA FE,False,False
1933,AQUISICAO DE SERVICO TRIBUTADO PELO ISSQN,False,False
1949,OUTRA ENTRADA DE MERC. OU PRESTACAO DE SERV. NAO ESPECIFICAD,False,False
2000,ENTRADAS OU AQUISICOES DE SERVICOS DE OUTROS ESTADOS,False,False
2100,"COMPRAS PARA INDUSTRIALIZACAO, COMERCIALIZACAO OU PRESTACAO",False,False
2101,COMPRA INTERESTADUAL P/INDUSTRIALIZACAO,False,False
2102,COMPRA INTERESTADUAL P/ REVENDA,False,False
2111,COMPRA PARA INDUSTRIALIZACAO DE MERCADORIA RECEBIDA ANTERIOR,False,False
2113,"COMPRA PARA COMERCIALIZACAO, DE MERCADORIA RECEBIDA ANTERIOR",False,False
2116,COMPRA PARA INDUSTR. ORIGINADA DE ENCOMENDA PARA RECEB. FUTU,False,False
2117,COMPRA PARA COMER. ORIGINADA DE ENCOMENDA PARA RECEB.O FUTUR,False,False
2118,COMPRA DE MERCADORIA PARA COMERCIALIZACAO PELO ADQUIRENTE OR,False,False
2120,"COMPRA PARA INDUSTRIALIZACAO, EM VENDA A ORDEM, JA RECEBIDA",False,False
2121,"COMPRA PARA COMERCIALIZACAO, EM VENDA A ORDEM, JA RECEBIDA D",False,False
2122,COMPRA PARA INDUSTRIALIZACAO EM QUE A MERCADORIA FOI REMETID,False,False
2124,INDUSTRIALIZACAO EFETUADA POR OUTRA EMPRESA,False,False
2125,INDUSTRIALIZACAO EFETUADA POR OUTRA EMPRESA QUANDO A MERCADO,False,False
2126,COMPRA PARA UTILIZACAO NA PRESTACAO DE SERVICO,False,False
2150,"TRANSFERENCIAS PARA INDUSTRIALIZACAO, COMERCIALIZACAO OU PRE",False,True
2151,TRANSFERENCIA PARA INDUSTRIALIZACAO,False,True
2152,TRANSFERENCIA PARA COMERCIALIZACAO,False,True
2153,TRANSFERENCIA DE ENERGIA ELETRICA PARA DISTRIBUICAO,False,True
2154,TRANSFERENCIA PARA UTILIZACAO NA PRESTACAO DE SERVICO,False,True
2200,"DEVOLUCOES DE VENDAS DE PRODUCAO PROPRIA, DE TERCEIROS OU AN",False,False
2201,DEVOLUCAO DE VENDA DE PRODUCAO DO ESTABELECIMENTO,False,False
2202,DEVOLUCAO DE VENDA DE MERCADORIA ADQUIRIDA OU RECEBIDA DE TE,False,False
2203,"DEVOLUCAO DE VENDA DE PRODUCAO DO ESTABELECIMENTO, DESTINADA",False,False
2204,DEVOLUCAO DE VENDA DE MERCADORIA ADQUIRIDA OU RECEBIDA DE TE,False,False
2205,ANULACAO DE VALOR RELATIVO A PRESTACAO DE SERVICO DE COMUNIC,False,False
2206,ANULACAO DE VALOR RELATIVO A PRESTACAO DE SERVICO DE TRANSPO,False,False
2207,ANULACAO DE VALOR RELATIVO A VENDA DE ENERGIA ELETRICA,False,False
2208,ENTRADA DE BEM POR CONTRATO DE COMODATO,False,False
2209,"DEVOLUCAO DE MERCADORIA ADQUIRIDA OU RECEBIDA DE TERCEIROS,",False,False
2250,COMPRAS DE ENERGIA ELETRICA,False,False
2251,COMPRA DE ENERGIA ELETRICA PARA DISTRIBUICAO OU COMERCIALIZA,False,False
2252,COMPRA DE ENERGIA ELETRICA POR ESTABELECIMENTO INDUSTRIAL,False,False
2253,COMPRA DE ENERGIA ELETRICA POR ESTABELECIMENTO COMERCIAL,False,False
2254,COMPRA ENERGIA ELETRICA POR ESTABEL. PRESTADOR SERVICO TRANS,False,False
2255,COMPRA ENERGIA ELETRICA POR ESTABEL. PRESTADOR DE SERVICO DE,False,False
2256,COMPRA ENERGIA ELETRICA POR ESTABEL.DE PRODUTOR RURAL,False,False
2257,COMPRA ENERGIA ELETRICA PARA CONSUMO POR DEMANDA CONTRATADA,False,False
2300,AQUISICOES DE SERVICOS DE COMUNICACAO,False,False
2301,AQUISICAO DE SERVICO DE COMUNICACAO PARA EXECUCAO DE SERVICO,False,False
2302,AQUISICAO DE SERVICO DE COMUNICACAO POR ESTABELECIMENTO INDU,False,False
2303,AQUISICAO DE SERVICO DE COMUNICACAO POR ESTABELECIMENTO COME,False,False
2304,AQUISICAO DE SERVICO DE COMUNICACAO POR ESTABELECIMENTO DE P,False,False
2305,AQUISICAO DE SERVICO DE COMUNICACAO POR ESTABELECIMENTO DE G,False,False
2306,AQUISICAO DE SERVICO DE COMUNICACAO POR ESTABELECIMENTO DE P,False,False
2350,AQUISICOES DE SERVICOS DE TRANSPORTE,False,False
2351,AQUISICAO DE SERVICO DE TRANSPORTE PARA EXECUCAO DE SERVICO,False,False
2352,AQUISICAO DE SERVICO DE TRANSPORTE POR ESTABELECIMENTO INDUS,False,False
2353,AQUISICAO DE SERVICO DE TRANSPORTE POR ESTABELECIMENTO COMER,False,False
2354,AQUISICAO DE SERVICO DE TRANSPORTE POR ESTABELECIMENTO DE PR,False,False
2355,AQUISICAO DE SERVICO DE TRANSPORTE POR ESTABELECIMENTO DE G,False,False
2356,AQUISICAO DE SERVICO DE TRANSPORTE POR ESTABELECIMENTO DE PR,False,False
2400,ENTRADAS DE MERCADORIAS SUJEITAS AO REGIME DE SUBSTITUICAO T,False,False
2401,COMPRA PARA INDUSTRIALIZACAO EM OPERACAO COM MERCADORIA SUJE,False,False
2403,COMPRA DE MERCADORIA SUJEITA AO REGIME DE S.T.,True,False
2406,COMPRA DE BEM PARA O ATIVO IMOBILIZADO CUJA MERCADORIA ESTA,False,False
2407,COMPRA DE MERCADORIA PARA USO OU CONSUMO CUJA MERCADORIA EST,False,False
2408,TRANSFERENCIA PARA INDUSTRIALIZACAO EM OPERACAO COM MERCADOR,False,True
2409,TRANSFERENCIA DE MERCADORIA SUJEITA AO REGIME DE S.T.,True,True
2410,DEVOLUCAO DE VENDA DE PRODUCAO DO ESTABELECIMENTO EM OPERACA,False,False
2411,DEVOLUCAO DE CLIENTE DE MERCADORIA SUJEITA AO REGIME DE S.T.,True,False
2414,"RETORNO DE PRODUCAO DO ESTABELECIMENTO, REMETIDA PARA VENDA",False,False
2415,"RETORNO DE MERCADORIA ADQUIRIDA OU RECEBIDA DE TERCEIROS, RE",False,False
2500,ENTRADAS DE MERCADORIAS REMETIDAS COM FIM ESPECIFICO DE EXPO,False,False
2501,ENTRADA DE MERCADORIA RECEBIDA COM FIM ESPECIFICO DE EXPORTA,False,False
2503,ENTRADA DECORRENTE DE DEVOLUCAO DE PRODUTO REMETIDO COM FIM,False,False
2504,ENTRADA DECORRENTE DE DEVOLUCAO DE MERCADORIA REMETIDA COM F,False,False
2550,OPERACOES COM BENS DE ATIVO IMOBILIZADO E MATERIAIS PARA USO,False,False
2551,COMPRA DE BEM PARA O ATIVO IMOBILIZADO,False,False
2552,TRANSFERENCIA DE BEM DO ATIVO IMOBILIZADO,False,True
2553,DEVOLUCAO DE VENDA DE BEM DO ATIVO IMOBILIZADO,False,False
2554,RETORNO DE BEM DO ATIVO IMOBILIZADO REMETIDO PARA USO FORA D,False,False
2555,"ENTRADA DE BEM DO ATIVO IMOBILIZADO DE TERCEIRO, REMETIDO PA",False,False
2556,COMPRA DE MATERIAL PARA USO OU CONSUMO,False,False
2557,TRANSFERENCIA DE MATERIAL PARA USO OU CONSUMO,False,True
2600,CREDITOS E RESSARCIMENTOS DE ICMS,False,False
2603,RESSARCIMENTO DE ICMS RETIDO POR SUBSTITUICAO TRIBUTARIA,True,False
2650,"ENTRADAS DE COMBUSTIVEIS, DERIVADOS OU NAO DE PETROLEO E LUB",False,False
2651,COMPRA DE COMBUSTIVEL OU LUBRIFICANTE PARA INDUSTRIALIZACAO,False,False
2652,COMPRA DE COMBUSTIVEL OU LUBRIFICANTE PARA COMERCIALIZACAO,False,False
2653,COMPRA DE COMBUSTIVEL OU LUBRIFICANTE POR CONSUMIDOR OU USUA,False,False
2658,TRANSFERENCIA DE COMBUSTIVEL E LUBRIFICANTE PARA INDUSTRIALI,False,True
2659,TRANSFERENCIA DE COMBUSTIVEL E LUBRIFICANTE PARA COMERCIALIZ,False,True
2660,DEVOLUCAO DE VENDA DE COMBUSTIVEL OU LUBRIFICANTE DESTINADO,False,False
2661,DEVOLUCAO DE VENDA DE COMBUSTIVEL OU LUBRIFICANTE DESTINADO,False,False
2662,DEVOLUCAO DE VENDA DE COMBUSTIVEL OU LUBRIFICANTE DESTINADO,False,False
2663,ENTRADA DE COMBUSTIVEL OU LUBRIFICANTE PARA ARMAZENAGEM,False,False
2664,RETORNO DE COMBUSTIVEL OU LUBRIFICANTE REMETIDO PARA ARMAZEN,False,False
2900,OUTRAS ENTRADAS DE MERCADORIAS OU AQUISICOES DE SERVICOS,False,False
2901,ENTRADA PARA INDUSTRIALIZACAO POR ENCOMENDA,False,False
2902,RETORNO DE MERC. REMETIDA PARA INDUSTR. POR ENCOMENDA,False,False
2903,ENTRADA DE MERCADORIA REMETIDA PARA INDUSTRIALIZACAO E NAO A,False,False
2904,RETORNO DE REMESSA PARA VENDA FORA DO ESTABELECIMENTO,False,False
2905,ENTRADA DE MERCADORIA RECEBIDA PARA DEPOSITO EM DEPOSITO FEC,False,False
2906,RETORNO DE MERC.REMETIDA P/ DEPOSITO FECHADO OU ARM. GERAL,False,False
2907,RETORNO SIMBOLICO DE MERCADORIA REMETIDA PARA DEPOSITO FECH,False,False
2908,ENTRADA DE BEM POR CONTA DE CONTRATO DE COMODATO,False,False
2909,RETORNO DE BEM REMETIDO POR CONTA DE CONTRATO DE COMODATO,False,False
2910,"ENTRADA DE BONIFICACAO, DOACAO OU BRINDE",False,False
2911,ENTRADA DE AMOSTRA GRATIS,False,False
2912,ENTRADA DE MERCADORIA OU BEM RECEBIDO PARA DEMONSTRACAO,False,False
2913,RETORNO DE MERCADORIA OU BEM REMETIDO PARA DEMONSTRACAO,False,False
2914,RETORNO DE MERCADORIA OU BEM REMETIDO PARA EXPOSICAO OU FEIR,False,False
2915,ENTRADA DE MERCADORIA OU BEM RECEBIDO PARA CONSERTO OU REPAR,False,False
2916,RETORNO DE MERCADORIA OU BEM REMETIDO PARA CONSERTO OU REPAR,False,False
2917,ENTRADA DE MERCADORIA RECEBIDA EM CONSIGNACAO MERCANTIL OU I,False,False
2918,DEVOLUCAO DE MERCADORIA REMETIDA EM CONSIGNACAO MERCANTIL OU,False,False
2919,DEVOLUCAO SIMBOLICA DE MERCADORIA VENDIDA OU UTILIZADA EM PR,False,False
2920,ENTRADA DE VASILHAME OU SACARIA,False,False
2921,RETORNO DE VASILHAME OU SACARIA,False,False
2922,LANC. EFETUADO A TIT. FATUR. DECOR. DE COMPRA P/ RECEB FUTUR,False,False
2923,"ENTRADA DE MERCADORIA RECEBIDA DO VENDEDOR REMETENTE, EM VEN",False,False
2924,ENTRADA PARA INDUSTRIALIZACAO POR CONTA E ORDEM DO ADQUIRENT,False,False
2925,RETORNO DE MERCADORIA REMETIDA PARA INDUSTRIALIZACAO POR CON,False,False
2932,AQUISICAO DE SERVICO DE TRANSPORTE INICIADO EM UNIDADE DA FE,False,False
2933,AQUISICAO DE SERVICO TRIBUTADO PELO ISSQN,False,False
2949,OUTRA ENTRADA DE MERC. OU PRESTACAO DE SERV. NAO ESPECIFIC.,False,False
3000,ENTRADAS OU AQUISICOES DE SERVICOS DO EXTERIOR,False,False
3100,"COMPRAS PARA INDUSTRIALIZACAO, COMERCIALIZACAO OU PRESTACAO",False,False
3101,COMPRA PARA INDUSTRIALIZACAO,False,False
3102,IMPORTAÇÃO,False,False
3126,COMPRA PARA UTILIZACAO NA PRESTACAO DE SERVICO,False,False
3127,COMPRA PARA INDUSTRIALIZACAO SOB O REGIME DEDRAWBACK,False,False
3200,"DEVOLUCOES DE VENDAS DE PRODUCAO PROPRIA, DE TERCEIROS OU AN",False,False
3201,DEVOLUCAO DE VENDA DE PRODUCAO DO ESTABELECIMENTO,False,False
3202,DEVOLUCAO DE VENDA DE MERCADORIA ADQUIRIDA OU RECEBIDA DE TE,False,False
3205,ANULACAO DE VALOR RELATIVO A PRESTACAO DE SERVICO DE COMUNIC,False,False
3206,ANULACAO DE VALOR RELATIVO A PRESTACAO DE SERVICO DE TRANSPO,False,False
3207,ANULACAO DE VALOR RELATIVO A VENDA DE ENERGIA ELETRICA,False,False
3211,DEVOLUCAO DE VENDA DE PRODUCAO DO ESTABELECIMENTO SOB O REGI,False,False
3250,COMPRAS DE ENERGIA ELETRICA,False,False
3251,COMPRA DE ENERGIA ELETRICA PARA DISTRIBUICAO OU COMERCIALIZA,False,False
3300,AQUISICOES DE SERVICOS DE COMUNICACAO,False,False
3301,AQUISICAO DE SERVICO DE COMUNICACAO PARA EXECUCAO DE SERVICO,False,False
3350,AQUISICOES DE SERVICOS DE TRANSPORTE,False,False
3351,AQUISICAO DE SERVICO DE TRANSPORTE PARA EXECUCAO DE SERVICO,False,False
3352,AQUISICAO DE SERVICO DE TRANSPORTE POR ESTABELECIMENTO INDUS,False,False
3353,AQUISICAO DE SERVICO DE TRANSPORTE POR ESTABELECIMENTO COMER,False,False
3354,AQUISICAO DE SERVICO DE TRANSPORTE POR ESTABELECIMENTO DE PR,False,False
3355,AQUISICAO DE SERVICO DE TRANSPORTE POR ESTABELECIMENTO DE GE,False,False
3356,AQUISICAO DE SERVICO DE TRANSPORTE POR ESTABELECIMENTO DE PR,False,False
3500,ENTRADAS DE MERCADORIAS REMETIDAS COM FIM ESPECIFICO DE EXPO,False,False
3503,DEVOLUCAO DE MERCADORIA EXPORTADA QUE TENHA SIDO RECEBIDA CO,False,False
3550,OPERACOES COM BENS DE ATIVO IMOBILIZADO E MATERIAIS PARA USO,False,False
3551,COMPRA DE BEM PARA O ATIVO IMOBILIZADO,False,False
3553,DEVOLUCAO DE VENDA DE BEM DO ATIVO IMOBILIZADO,False,False
3556,COMPRA DE MATERIAL PARA USO OU CONSUMO,False,False
3650,"ENTRADAS DE COMBUSTIVEIS, DERIVADOS OU NAO DE PETROLEO E LUB",False,False
3651,COMPRA DE COMBUSTIVEL OU LUBRIFICANTE PARA INDUSTRIALIZACAO,False,False
3652,COMPRA DE COMBUSTIVEL OU LUBRIFICANTE PARA COMERCIALIZACAO,False,False
3653,COMPRA DE COMBUSTIVEL OU LUBRIFICANTE POR CONSUMIDOR OU USUA,False,False
3900,OUTRAS ENTRADAS DE MERCADORIAS OU AQUISICOES DE SERVICOS,False,False
3930,LANCAMENTO EFETUADO A TITULO DE ENTRADA DE BEM SOB AMPARO DE,False,False
3949,OUTRA ENTRADA DE MERCADORIA OU PRESTACAO DE SERVICO NAO ESPE,False,False
5000,SAIDAS OU PRESTACOES DE SERVICOS PARA O ESTADO,False,False
5100,VENDAS DE PRODUCAO PROPRIA OU DE TERCEIROS,False,False
5101,VENDA DE PRODUCAO DO ESTABELECIMENTO,False,False
5102,VENDA DE MERC. ADQUIRIDA OU RECEBIDA DE TERCEIROS,False,False
5103,"VENDA DE PRODUCAO DO ESTABELECIMENTO, EFETUADA FORA DO ESTAB",False,False
5104,"VENDA DE MERCADORIA ADQUIRIDA OU RECEBIDA DE TERCEIROS, EFET",False,False
5105,VENDA DE PRODUCAO DO ESTABELECIMENTO QUE NAO DEVA POR ELE T,False,False
5106,"VENDA DE MERCADORIA ADQUIRIDA OU RECEBIDA DE TERCEIROS, QUE",False,False
5109,"VENDA DE PRODUCAO DO ESTABELECIMENTO, DESTINADA A ZONA FRANC",False,False
5110,"VENDA DE MERCADORIA ADQUIRIDA OU RECEBIDA DE TERCEIROS, DEST",False,False
5111,VENDA DE PRODUCAO DO ESTABELECIMENTO REMETIDA ANTERIORMENTE,False,False
5112,VENDA DE MERCADORIA ADQUIRIDA OU RECEBIDA DE TERCEIROS REMET,False,False
5113,VENDA DE PRODUCAO DO ESTABELECIMENTO REMETIDA ANTERIORMENTE,False,False
5114,VENDA DE MERCADORIA ADQUIRIDA OU RECEBIDA DE TERCEIROS REME,False,False
5115,"VENDA DE MERCADORIA ADQUIRIDA OU RECEBIDA DE TERCEIROS, RECE",False,False
5116,VENDA DE PRODUCAO DO ESTABELECIMENTO ORIGINADA DE ENCOMENDA,False,False
5117,"VENDA DE MERCADORIA ADQUIRIDA OU RECEBIDA DE TERCEIROS, ORIG",False,False
5118,VENDA DE PRODUCAO DO ESTABELECIMENTO ENTREGUE AO DESTINATARI,False,False
5119,VENDA DE MERCADORIA ADQUIRIDA OU RECEBIDA DE TERCEIROS ENTR,False,False
5120,VENDA DE MERCADORIA ADQUIRIDA OU RECEBIDA DE TERCEIROS ENTRE,False,False
5122,VENDA DE PRODUCAO DO ESTABELECIMENTO REMETIDA PARA INDUSTRIA,False,False
5123,VENDA DE MERCADORIA ADQUIRIDA OU RECEBIDA DE TERCEIROS REMET,False,False
5124,INDUSTRIALIZACAO EFETUADA PARA OUTRA EMPRESA,False,False
5125,INDUSTRIALIZACAO EFETUADA PARA OUTRA EMPRESA QUANDO A MERCAD,False,False
5150,TRANSFERENCIAS DE PRODUCAO PROPRIA OU DE TERCEIROS,False,True
5151,TRANSFERENCIA DE PRODUCAO DO ESTABELECIMENTO,False,True
5152,TRANSFERENCIA DE MERCADORIA ADQUIRIDA OU RECEBIDA DE TERCEIR,False,True
5153,TRANSFERENCIA DE ENERGIA ELETRICA,False,True
5155,"TRANSFERENCIA DE PRODUCAO DO ESTABELECIMENTO, QUE NAO DEVA P",False,True
5156,TRANSFERENCIA DE MERCADORIA ADQUIRIDA OU RECEBIDA DE TERCEIR,False,True
5200,"DEVOLUCOES DE COMPRAS PARA INDUSTRIALIZACAO, COMERCIALIZACAO",False,False
5201,DEVOLUCAO DE COMPRA PARA INDUSTRIALIZACAO,False,False
5202,DEV. DE COMPRA PARA COMERCIALIZACAO,False,False
5205,ANULACAO DE VALOR RELATIVO A AQUISICAO DE SERVICO DE COMUNIC,False,False
5206,ANULACAO DE VALOR RELATIVO A AQUISICAO DE SERVICO DE TRANSPO,False,False
5207,ANULACAO DE VALOR RELATIVO A COMPRA DE ENERGIA ELETRICA,False,False
5208,DEVOLUCAO DE MERCADORIA RECEBIDA EM TRANSFERENCIA PARA INDUS,False,False
5209,DEVOLUCAO DE MERCADORIA RECEBIDA EM TRANSFERENCIA PARA COMER,False,False
5210,DEVOLUCAO DE COMPRA PARA UTILIZACAO NA PRESTACAO DE SERVICO,False,False
5250,VENDAS DE ENERGIA ELETRICA,False,False
5251,VENDA DE ENERGIA ELETRICA PARA DISTRIBUICAO OU COMERCIALIZAC,False,False
5252,VENDA DE ENERGIA ELETRICA PARA ESTABELECIMENTO INDUSTRIAL,False,False
5253,VENDA DE ENERGIA ELETRICA PARA ESTABELECIMENTO COMERCIAL,False,False
5254,VENDA DE ENERGIA ELETRICA PARA ESTABELECIMENTO PRESTADOR DE,False,False
5255,VENDA DE ENERGIA ELETRICA PARA ESTABELECIMENTO PRESTADOR DE,False,False
5256,VENDA DE ENERGIA ELETRICA PARA ESTABELECIMENTO DE PRODUTOR R,False,False
5257,VENDA DE ENERGIA ELETRICA PARA CONSUMO POR DEMANDA CONTRATAD,False,False
5258,VENDA DE ENERGIA ELETRICA A NAO CONTRIBUINTE,False,False
5300,PRESTACOES DE SERVICOS DE COMUNICACAO,False,False
5301,PRESTACAO DE SERVICO DE COMUNICACAO PARA EXECUCAO DE SERVICO,False,False
5302,PRESTACAO DE SERVICO DE COMUNICACAO A ESTABELECIMENTO INDUST,False,False
5303,PRESTACAO DE SERVICO DE COMUNICACAO A ESTABELECIMENTO COMERC,False,False
5304,PRESTACAO DE SERVICO DE COMUNICACAO A ESTABELECIMENTO DE PRE,False,False
5305,PRESTACAO DE SERVICO DE COMUNICACAO A ESTABELECIMENTO DE GER,False,False
5306,PRESTACAO DE SERVICO DE COMUNICACAO A ESTABELECIMENTO DE PRO,False,False
5307,PRESTACAO DE SERVICO DE COMUNICACAO A NAO CONTRIBUINTE,False,False
5350,PRESTACOES DE SERVICOS DE TRANSPORTE,False,False
5351,PRESTACAO DE SERVICO DE TRANSPORTE PARA EXECUCAO DE SERVICO,False,False
5352,PRESTACAO DE SERVICO DE TRANSPORTE A ESTABELECIMENTO INDUSTR,False,False
5353,PRESTACAO DE SERVICO DE TRANSPORTE A ESTABELECIMENTO COMERCI,False,False
5354,PRESTACAO DE SERVICO DE TRANSPORTE A ESTABELECIMENTO DE PRES,False,False
5355,PRESTACAO DE SERVICO DE TRANSPORTE A ESTABELECIMENTO DE GERA,False,False
5356,PRESTACAO DE SERVICO DE TRANSPORTE A ESTABELECIMENTO DE PROD,False,False
5357,PRESTACAO DE SERVICO DE TRANSPORTE A NAO CONTRIBUINTE,False,False
5359,PRESTACAO DE SERVICO DE TRANSPORTE A CONTRIBUINTE OU A NAO C,False,False
5400,SAIDAS DE MERCADORIAS SUJEITAS AO REGIME DE SUBSTITUICAO TRI,False,False
5401,VENDA DE PRODUCAO DO ESTABELECIMENTO EM OPERACAO COM PRODUTO,False,False
5402,VENDA DE PRODUCAO DO ESTABELECIMENTO DE PRODUTO SUJEITO AO R,False,False
5403,VENDA DE MERCADORIAS SUJEITA AO REGIME DE S.T.-SUBSTITUTO,True,False
5405,VENDA DE MERCADORIAS SUJEITA AO REGIME DE S.T. - SUBSTITUIDO,True,False
5408,TRANSFERENCIA DE PRODUCAO DO ESTABELECIMENTO EM OPERACAO COM,False,True
5409,TRANSFERENCIA DE MERCADORIA SUJEITA AO REGIME DE S.T.,True,True
5410,DEVOLUCAO DE COMPRA PARA INDUSTRIALIZACAO EM OPERACAO COM ME,False,False
5411,DEVOLUCAO DE COMPRA DE MERCADORIA SUJEITA AO REGIME DE S.T.,True,False
5412,"DEVOLUCAO DE BEM DO ATIVO IMOBILIZADO, EM OPERACAO COM MERCA",False,False
5413,"DEVOLUCAO DE MERCADORIA DESTINADA AO USO OU CONSUMO, EM OPER",False,False
5414,REMESSA DE PRODUCAO DO ESTABELECIMENTO PARA VENDA FORA DO ES,False,False
5415,REMESSA DE MERCADORIA ADQUIRIDA OU RECEBIDA DE TERCEIROS PAR,False,False
5450,SISTEMAS DE INTEGRACAO,False,False
5451,REMESSA DE ANIMAL E DE INSUMO PARA ESTABELECIMENTO PRODUTOR,False,False
5500,REMESSAS COM FIM ESPECIFICO DE EXPORTACAO E EVENTUAIS DEVOLU,False,False
5501,"REMESSA DE PRODUCAO DO ESTABELECIMENTO, COM FIM ESPECIFICO D",False,False
5502,"REMESSA DE MERCADORIA ADQUIRIDA OU RECEBIDA DE TERCEIROS, CO",False,False
5503,DEVOLUCAO DE MERCADORIA RECEBIDA COM FIM ESPECIFICO DE EXPOR,False,False
5550,OPERACOES COM BENS DE ATIVO IMOBILIZADO E MATERIAIS PARA USO,False,False
5551,VENDA DO ATIVO IMOBILIZADO,False,False
5552,TRANSFERENCIA DE BEM DO ATIVO IMOBILIZADO,False,True
5553,DEV. DE COMPRA PARA O ATIVO IMOBILIZADO,False,False
5554,REMESSA DE BEM DO ATIVO IMOBILIZADO PARA USO FORA DO ESTABEL,False,False
5555,"DEVOLUCAO DE BEM DO ATIVO IMOBILIZADO DE TERCEIRO, RECEBIDO",False,False
5556,DEV. DE COMPRA DE MATERIAL DE USO OU CONSUMO,False,False
5557,TRANSFERENCIA DE MATERIAL DE USO OU CONSUMO,False,True
5600,CREDITOS E RESSARCIMENTOS DE ICMS,False,False
5601,TRANSFERENCIA DE CREDITO DE ICMS ACUMULADO,False,True
5602,TRANSFERENCIA DE SALDO CREDOR DE ICMS PARA OUTRO ESTABELECIM,False,True
5603,RESSARCIMENTO DE ICMS RETIDO POR SUBSTITUICAO TRIBUTARIA,True,False
5605,TRANSFERENCIA DE SALDO DEVEDOR DE ICMS DE OUTRO ESTABELECIME,False,True
5650,"SAIDAS DE COMBUSTIVEIS, DERIVADOS OU NAO DE PETROLEO E LUBRI",False,False
5651,VENDA DE COMBUSTIVEL OU LUBRIFICANTE DE PRODUCAO DO ESTABELE,False,False
5652,VENDA DE COMBUSTIVEL OU LUBRIFICANTE DE PRODUCAO DO ESTABELE,False,False
5653,VENDA DE COMBUSTIVEL OU LUBRIFICANTE DE PRODUCAO DO ESTABELE,False,False
5654,VENDA DE COMBUSTIVEL OU LUBRIFICANTE ADQUIRIDO OU RECEBIDO D,False,False
5655,VENDA DE COMBUSTIVEL OU LUBRIFICANTE ADQUIRIDO OU RECEBIDO D,False,False
5656,VENDA DE COMBUSTIVEL OU LUBRIFICANTE ADQUIRIDO OU RECEBIDO D,False,False
5657,REMESSA DE COMBUSTIVEL OU LUBRIFICANTE ADQUIRIDO OU RECEBIDO,False,False
5658,TRANSFERENCIA DE COMBUSTIVEL OU LUBRIFICANTE DE PRODUCAO DO,False,True
5659,TRANSFERENCIA DE COMBUSTIVEL OU LUBRIFICANTE ADQUIRIDO OU RE,False,True
5660,DEVOLUCAO DE COMPRA DE COMBUSTIVEL OU LUBRIFICANTE ADQUIRIDO,False,False
5661,DEVOLUCAO DE COMPRA DE COMBUSTIVEL OU LUBRIFICANTE ADQUIRIDO,False,False
5662,DEVOLUCAO DE COMPRA DE COMBUSTIVEL OU LUBRIFICANTE ADQUIRIDO,False,False
5663,663 REMESSA PARA ARMAZENAGEM DE COMBUSTIVEL OU LUBRIFICANTE,False,False
5664,RETORNO DE COMBUSTIVEL OU LUBRIFICANTE RECEBIDO PARA ARMAZEN,False,False
5665,RETORNO SIMBOLICO DE COMBUSTIVEL OU LUBRIFICANTE RECEBIDO PA,False,False
5666,REMESSA POR CONTA E ORDEM DE TERCEIROS DE COMBUSTIVEL OU LUB,False,False
5900,OUTRAS SAIDAS DE MERCADORIAS OU PRESTACOES DE SERVICOS,False,False
5901,REMESSA PARA INDUSTRIALIZACAO POR ENCOMENDA,False,False
5902,RETORNO DE MERCADORIA UTILIZADA NA INDUSTRIALIZACAO POR ENCO,False,False
5903,RETORNO DE MERCADORIA RECEBIDA PARA INDUSTRIALIZACAO E NAO A,False,False
5904,REMESSA PARA VENDA FORA ESTABELECIMENTO,False,False
5905,REMESSA PARA DEPOSITO FECHADO OU ARM. GERAL,False,False
5906,RETORNO DE MERCADORIA DEPOSITADA EM DEPOSITO FECHADO OU ARMA,False,False
5907,RETORNO SIMBOLICO DE MERCADORIA DEPOSITADA EM DEPOSITO FECHA,False,False
5908,REMESSA DE BEM POR CONTA DE CONTRATO DE COMODATO,False,False
5909,RETORNO DE BEM RECEBIDO POR CONTA DE CONTRATO DE COMODATO,False,False
5910,"BONIFICACAO, DOACAO OU BRINDE",False,False
5911,REMESSA DE AMOSTRA GRÁTIS,False,False
5912,MERCADORIA P/ DEMONSTRACAO,False,False
5913,RET. DE MERC. OU BEM RECEBIDO PARA DEMONSTRACAO,False,False
5914,REMESSA DE MERCADORIA OU BEM PARA EXPOSICAO OU FEIRA,False,False
5915,REMESSA DE MERCADORIA OU BEM PARA CONSERTO OU REPARO,False,False
5916,RETORNO DE MERCADORIA OU BEM RECEBIDO PARA CONSERTO OU REPAR,False,False
5917,REMESSA DE MERC. EM CONSIGNACAO MERCANTIL OU INDUSTRIAL,False,False
5918,DEV. DE MERC. RECEBIDA EM CONSIGNACAO MERCANTIL,False,False
5919,DEVOL. SIMB. DE MERCADORIA VENDIDA/UTILIZADA EM PROCESSO,False,False
5920,REMESSA DE VASILHAME,False,False
5921,RETORNO DE VASILHAME,False,False
5922,LANCAMENTO EFETUADO A TITULO DE SIMPLES FATURAMENTO DECORREN,False,False
5923,"REMESSA DE MERCADORIA POR CONTA E ORDEM DE TERCEIROS, EM VEN",False,False
5924,REMESSA PARA INDUSTRIALIZACAO POR CONTA E ORDEM DO ADQUIRENT,False,False
5925,RETORNO DE MERCADORIA RECEBIDA PARA INDUSTRIALIZACAO POR CON,False,False
5926,LANCAMENTO EFETUADO A TITULO DE RECLASSIFICACAO DE MERCADORI,False,False
5927,LANCAMENTO EFETUADO A TITULO DE BAIXA DE ESTOQUE DECORRENTE,False,False
5928,LANCAMENTO EFETUADO A TITULO DE BAIXA DE ESTOQUE DECORRENTE,False,False
5929,LANCAMENTO EFETUADO EM DECORRENCIA DE EMISSAO DE DOCUMENTO F,False,False
5932,PRESTACAO DE SERVICO DE TRANSPORTE INICIADA EM UNIDADE DA F,False,False
5933,PRESTACAO DE SERVICO TRIBUTADO PELO ISSQN,False,False
5949,OUTRA SAÍDA DE MERCADORIA OU PRESTAÇÃO DE SERVIÇO,False,False
6000,SAIDAS OU PRESTACOES DE SERVICOS PARA OUTROS ESTADOS,False,False
6100,VENDAS DE PRODUCAO PROPRIA OU DE TERCEIROS,False,False
6101,VENDA DE PRODUCAO DO ESTABELECIMENTO,False,False
6102,VENDA DE MERC. ADQUIRIDA OU RECEBIDA DE TERCEIROS,False,False
6103,"VENDA DE PRODUCAO DO ESTABELECIMENTO, EFETUADA FORA DO ESTAB",False,False
6104,"VENDA DE MERCADORIA ADQUIRIDA OU RECEBIDA DE TERCEIROS, EFE",False,False
6105,VENDA DE PRODUCAO DO ESTABELECIMENTO QUE NAO DEVA POR ELE TR,False,False
6106,"VENDA DE MERCADORIA ADQUIRIDA OU RECEBIDA DE TERCEIROS, QUE",False,False
6107,"VENDA DE PRODUCAO DO ESTABELECIMENTO, DESTINADA A NAO CONTRI",False,False
6108,"VENDA DE MERCADORIA ADQUIRIDA OU RECEBIDA DE TERCEIROS, DEST",False,False
6109,"VENDA DE PRODUCAO DO ESTABELECIMENTO, DESTINADA A ZONA FRANC",False,False
6110,"VENDA DE MERCADORIA ADQUIRIDA OU RECEBIDA DE TERCEIROS, DEST",False,False
6111,VENDA DE PRODUCAO DO ESTABELECIMENTO REMETIDA ANTERIORMENTE,False,False
6112,VENDA DE MERCADORIA ADQUIRIDA OU RECEBIDA DE TERCEIROS REMET,False,False
6113,VENDA DE PRODUCAO DO ESTABELECIMENTO REMETIDA ANTERIORMENTE,False,False
6114,VENDA DE MERCADORIA ADQUIRIDA OU RECEBIDA DE TERCEIROS REMET,False,False
6115,"VENDA DE MERCADORIA ADQUIRIDA OU RECEBIDA DE TERCEIROS, RECE",False,False
6116,VENDA DE PRODUCAO DO ESTABELECIMENTO ORIGINADA DE ENCOMENDA,False,False
6117,"VENDA DE MERCADORIA ADQUIRIDA OU RECEBIDA DE TERCEIROS, ORIG",False,False
6118,VENDA DE PRODUCAO DO ESTABELECIMENTO ENTREGUE AO DESTINATARI,False,False
6119,VENDA DE MERCADORIA ADQUIRIDA OU RECEBIDA DE TERCEIROS ENTRE,False,False
6120,VENDA DE MERCADORIA ADQUIRIDA OU RECEBIDA DE TERCEIROS ENTRE,False,False
6122,VENDA DE PRODUCAO DO ESTABELECIMENTO REMETIDA PARA INDUSTRIA,False,False
6123,VENDA DE MERCADORIA ADQUIRIDA OU RECEBIDA DE TERCEIROS REMET,False,False
6124,INDUSTRIALIZACAO EFETUADA PARA OUTRA EMPRESA,False,False
6125,INDUSTRIALIZACAO EFETUADA PARA OUTRA EMPRESA QUANDO A MERCAD,False,False
6152,TRANF. DE MERC. ADIQUIRIDA,False,False
6202,DEV. DE COMPRA PARA COMERCIALIZACAO,False,False
6206,ANULAÇÃO DE VALOR RELATIVO A AQUISIÇÃO DE SERV. DE TRANSPORT,False,False
6209,DEVOLUÇÃO DE MERC. RECEBIDA EM TRANSF. P COMERCIALIZACÃO,False,False
6403,VENDA DE MERCADORIA SUJEITA AO REGIME DE S.T.-SUBSTITUTO,True,False
6404,VENDA DE MERCADORIA SUJEITA AO REGIME DE S.T.-SUBSTITUIDO,True,False
6409,TRANSFERENCIA DE MERCADORIA SUJEITA AO REGIME DE S.T.,True,True
6411,DEVOLUCAO DE COMPRA DE MERCADORIA SUJEITA AO REGIME DE S.T.,True,False
6551,VENDA DO ATIVO IMOBILIZADO,False,False
6552,TRANSFERENCIA DE BEM DO ATIVO IMOBILIZADO,False,True
6553,DEV. DE COMPRA DO ATIVO IMOBILIZADO,False,False
6556,DEV. DE COMPRA DE MATERIAL DE USO OU CONSUMO,False,False
6557,TRANSFERENCIA DE MATERIAL DE USO E CONSUMO,False,True
6655,VENDA DE COMBUSTÍVEL OU LUBRIFICANTE ADQUIRIDO OU RECEBIDO D,False,False
6661,DEVOLUÇÃO DE COMPRA DE COMBUSTÍVEL OU LUBRIFICANTE ADQUIRID,False,False
6901,REMESSA PARA INDUSTRIALIZAÇÃO POR ENCOMENDA,False,False
6902,RETORNO DE MERCADORIA UTILIZADA NA INDUSTRIALIZACAO POR ENCO,False,False
6908,REMESSA DE BEM POR CONTA DE CONTRATO DE COMODATO,False,False
6909,RETORNO DE BEM RECEBIDO POR CONTA DE CONTRATO DE COMODATO,False,False
6910,"BONIFICACAO, DOACAO OU BRINDE",False,False
6911,AMOSTRA GRATIS,False,False
6912,MERCADORIA P/ DEMONSTRACAO,False,False
6913,RETORNO DE MERC. OU BEM RECEBIDO PARA DEMONSTRACAO,False,False
6914,REMESSA DE MERCADORIA PARA EXPOSIÇÃO OU FEIRA,False,False
6915,MERCADORIA P/ CONSERTO,False,False
6917,REMESSA DE MERC. EM CONSIGNACAO MERCANTIL OU INDUSTRIAL,False,False
6918,DEV. DE MERC. RECEBIDA EM CONSIGNACAO MERCANTIL,False,False
6919,DEVOL. SIMB. DE MERCADORIA VENDIDA/UTILIZADA EM PROCESSO,False,False
6920,REMESSA DE VASILHAME,False,False
6921,RETORNO DE VASILHAME,False,False
6922,LANCAMENTO EFETUADO A TITULO DE SIMPLES FATURAMENTO DECORREN,False,False
6923,"REMESSA DE MERCADORIA POR CONTA E ORDEM DE TERCEIROS, EM VEN",False,False
6929,LANCAMENTO EFETUADO EM DECORRENCIA DE EMISSAO DE DOCUMENTO F,False,False
6943,REMESSA DE MERCADORIA PARA EXPOSIÇÃO OU FEIRA,False,False
6949,OUTRAS SAIDAS EXTERNA.,False,False
